{
  "controller": "dwa",
  "scenario": "group",
  "run_id": 0,
  "success": 1,
  "end_reason": "goal_reached",
  "goal_x": 0.0,
  "goal_y": 4.0,
  "our_path_length": 3.803573097650463,
  "our_time_to_goal": 20.28,
  "jerk_mean": 11.515078047694256,
  "jerk_rms": 28.695279307166423,
  "jerk_max": 258.7074362028605,
  "jerk_p95": 59.34625072195062,
  "accel_mean": 0.33417886570576705,
  "jerk_sample_rate": 50.0,
  "jerk_n_samples": 1014,
  "eval_time_to_reach_goal": 20.37,
  "eval_path_length": 3.803622433357472,
  "eval_cumulative_heading_changes": 3.319192185590561,
  "eval_avg_distance_to_closest_person": 1.1261377210125063,
  "eval_minimum_distance_to_people": 0.7358697969098893,
  "eval_maximum_distance_to_people": 2.37745324265376,
  "eval_intimate_space_intrusions": 0.0,
  "eval_personal_space_intrusions": 55.325443786982255,
  "eval_social_space_intrusions": 44.67455621301775,
  "eval_group_intimate_space_intrusions": 0.0,
  "eval_group_personal_space_intrusions": 0.0,
  "eval_group_social_space_intrusions": 100.0,
  "eval_completed": true,
  "eval_minimum_distance_to_target": 0.4971228480960243,
  "eval_final_distance_to_target": 0.4971228480960243,
  "eval_robot_on_person_collision": 0,
  "eval_person_on_robot_collision": 0,
  "eval_time_not_moving": 0.9843491124260356,
  "eval_avg_robot_linear_speed": 0.1909581170347565,
  "eval_avg_robot_angular_speed": 0.1634223274626085,
  "eval_avg_acceleration": 0.9422498122335244,
  "eval_avg_pedestrian_velocity": 0.1839071858114331,
  "eval_avg_closest_pedestrian_velocity": 0.1894546150426422
}