{
  "controller": "dwa",
  "scenario": "crossing",
  "run_id": 0,
  "success": 1,
  "end_reason": "goal_reached",
  "goal_x": 0.0,
  "goal_y": 4.0,
  "our_path_length": 3.779284404230054,
  "our_time_to_goal": 22.98,
  "jerk_mean": 8.668632492303347,
  "jerk_rms": 30.313410751373386,
  "jerk_max": 356.753632736433,
  "jerk_p95": 40.38149063269053,
  "accel_mean": 0.260658130788674,
  "jerk_sample_rate": 50.0,
  "jerk_n_samples": 1149,
  "eval_time_to_reach_goal": 23.08,
  "eval_path_length": 3.779554023631168,
  "eval_cumulative_heading_changes": 3.208140745351608,
  "eval_avg_distance_to_closest_person": 1.2856415445912368,
  "eval_minimum_distance_to_people": 0.6715538723123438,
  "eval_maximum_distance_to_people": 2.656680152759833,
  "eval_intimate_space_intrusions": 0.0,
  "eval_personal_space_intrusions": 57.91070654529692,
  "eval_social_space_intrusions": 42.08929345470308,
  "eval_group_intimate_space_intrusions": 0.0,
  "eval_group_personal_space_intrusions": 0.0,
  "eval_group_social_space_intrusions": 0.0,
  "eval_completed": true,
  "eval_minimum_distance_to_target": 0.4848555101153918,
  "eval_final_distance_to_target": 0.4848555101153918,
  "eval_robot_on_person_collision": 0,
  "eval_person_on_robot_collision": 0,
  "eval_time_not_moving": 2.0208755960121367,
  "eval_avg_robot_linear_speed": 0.1701186438447157,
  "eval_avg_robot_angular_speed": 0.1392328130159376,
  "eval_avg_acceleration": 1.145088999347675,
  "eval_avg_pedestrian_velocity": 0.6855389194076176,
  "eval_avg_closest_pedestrian_velocity": 0.6855389194076176
}