{
  "controller": "dwa",
  "scenario": "head_on",
  "run_id": 0,
  "success": 1,
  "end_reason": "goal_reached",
  "goal_x": 0.0,
  "goal_y": 4.0,
  "our_path_length": 3.703673463604879,
  "our_time_to_goal": 20.88,
  "jerk_mean": 7.219014412253549,
  "jerk_rms": 26.507139899651108,
  "jerk_max": 338.96837010494176,
  "jerk_p95": 38.44895026477967,
  "accel_mean": 0.2066958451528312,
  "jerk_sample_rate": 50.0,
  "jerk_n_samples": 1044,
  "eval_time_to_reach_goal": 20.98,
  "eval_path_length": 3.7039768726854536,
  "eval_cumulative_heading_changes": 2.513671055028732,
  "eval_avg_distance_to_closest_person": 1.4118367501574018,
  "eval_minimum_distance_to_people": 0.6570816569612943,
  "eval_maximum_distance_to_people": 3.217624054293459,
  "eval_intimate_space_intrusions": 0.0,
  "eval_personal_space_intrusions": 28.32618025751073,
  "eval_social_space_intrusions": 71.67381974248927,
  "eval_group_intimate_space_intrusions": 0.0,
  "eval_group_personal_space_intrusions": 0.0,
  "eval_group_social_space_intrusions": 0.0,
  "eval_completed": true,
  "eval_minimum_distance_to_target": 0.4918883269921825,
  "eval_final_distance_to_target": 0.4918883269921825,
  "eval_robot_on_person_collision": 0,
  "eval_person_on_robot_collision": 0,
  "eval_time_not_moving": 2.731301859799714,
  "eval_avg_robot_linear_speed": 0.1849581335254216,
  "eval_avg_robot_angular_speed": 0.1198954328577613,
  "eval_avg_acceleration": 1.2964164573350454,
  "eval_avg_pedestrian_velocity": 0.2226002851515447,
  "eval_avg_closest_pedestrian_velocity": 0.2226002851515447
}