{
  "controller": "dwa",
  "scenario": "head_on",
  "run_id": 0,
  "success": 0,
  "end_reason": "timeout",
  "goal_x": 0.0,
  "goal_y": 4.0,
  "our_path_length": 4.921668044388821,
  "our_time_to_goal": 49.980000000000004,
  "jerk_mean": 1.469620333747403,
  "jerk_rms": 12.469240854465513,
  "jerk_max": 354.132947703188,
  "jerk_p95": 4.969859976640575,
  "accel_mean": 0.06403757491525448,
  "jerk_sample_rate": 50.0,
  "jerk_n_samples": 2499,
  "eval_time_to_reach_goal": 50.06,
  "eval_path_length": 4.922463574895761,
  "eval_cumulative_heading_changes": 7.861744865367706,
  "eval_avg_distance_to_closest_person": 3.737898548511286,
  "eval_minimum_distance_to_people": 0.6666617498580603,
  "eval_maximum_distance_to_people": 4.110205245475138,
  "eval_intimate_space_intrusions": 0.0,
  "eval_personal_space_intrusions": 7.135718568858684,
  "eval_social_space_intrusions": 7.555466719968019,
  "eval_group_intimate_space_intrusions": 0.0,
  "eval_group_personal_space_intrusions": 0.0,
  "eval_group_social_space_intrusions": 0.0,
  "eval_completed": false,
  "eval_minimum_distance_to_target": 0.6628408142732659,
  "eval_final_distance_to_target": 0.6831314349378695,
  "eval_robot_on_person_collision": 0,
  "eval_person_on_robot_collision": 0,
  "eval_time_not_moving": 19.40162702378573,
  "eval_avg_robot_linear_speed": 0.1111990930118834,
  "eval_avg_robot_angular_speed": 0.1570530718028649,
  "eval_avg_acceleration": 1.7041578795630563,
  "eval_avg_pedestrian_velocity": 0.0688472086902996,
  "eval_avg_closest_pedestrian_velocity": 0.0688472086902996
}