{
  "controller": "dwa",
  "scenario": "group",
  "run_id": 0,
  "success": 1,
  "end_reason": "goal_reached",
  "goal_x": 0.0,
  "goal_y": 4.0,
  "our_path_length": 4.1206039671892825,
  "our_time_to_goal": 7.879999999999999,
  "jerk_mean": 8.20948597390719,
  "jerk_rms": 24.303459380293397,
  "jerk_max": 251.3134885351298,
  "jerk_p95": 32.41219141877355,
  "accel_mean": 0.38494530500937646,
  "jerk_sample_rate": 50.0,
  "jerk_n_samples": 393,
  "eval_time_to_reach_goal": 7.99,
  "eval_path_length": 4.120874415922109,
  "eval_cumulative_heading_changes": 3.469717278669174,
  "eval_avg_distance_to_closest_person": 0.97855830336575,
  "eval_minimum_distance_to_people": 0.7282117088263007,
  "eval_maximum_distance_to_people": 2.288150891479598,
  "eval_intimate_space_intrusions": 0.0,
  "eval_personal_space_intrusions": 76.0,
  "eval_social_space_intrusions": 24.0,
  "eval_group_intimate_space_intrusions": 0.0,
  "eval_group_personal_space_intrusions": 0.0,
  "eval_group_social_space_intrusions": 100.0,
  "eval_completed": true,
  "eval_minimum_distance_to_target": 0.4838311367684962,
  "eval_final_distance_to_target": 0.4838311367684962,
  "eval_robot_on_person_collision": 0,
  "eval_person_on_robot_collision": 0,
  "eval_time_not_moving": 0.1098625,
  "eval_avg_robot_linear_speed": 0.5167979894398013,
  "eval_avg_robot_angular_speed": 0.4340121199350751,
  "eval_avg_acceleration": 0.4186253697844222,
  "eval_avg_pedestrian_velocity": 0.182679004901632,
  "eval_avg_closest_pedestrian_velocity": 0.2611941533908248
}