{
  "controller": "dwa",
  "scenario": "crossing",
  "run_id": 0,
  "success": 1,
  "end_reason": "goal_reached",
  "goal_x": 0.0,
  "goal_y": 4.0,
  "our_path_length": 9.09433466440112,
  "our_time_to_goal": 24.28,
  "jerk_mean": 7.5924667001609345,
  "jerk_rms": 23.659624054331804,
  "jerk_max": 277.25262402999016,
  "jerk_p95": 30.789409946442618,
  "accel_mean": 0.28672816832509884,
  "jerk_sample_rate": 50.0,
  "jerk_n_samples": 1214,
  "eval_time_to_reach_goal": 24.38,
  "eval_path_length": 9.094600147981806,
  "eval_cumulative_heading_changes": 6.739751798867774,
  "eval_avg_distance_to_closest_person": 2.1350245678239483,
  "eval_minimum_distance_to_people": 0.8574557339078968,
  "eval_maximum_distance_to_people": 5.651508995935507,
  "eval_intimate_space_intrusions": 0.0,
  "eval_personal_space_intrusions": 27.83927839278393,
  "eval_social_space_intrusions": 55.71955719557196,
  "eval_group_intimate_space_intrusions": 0.0,
  "eval_group_personal_space_intrusions": 0.0,
  "eval_group_social_space_intrusions": 0.0,
  "eval_completed": true,
  "eval_minimum_distance_to_target": 0.486367437496813,
  "eval_final_distance_to_target": 0.486367437496813,
  "eval_robot_on_person_collision": 0,
  "eval_person_on_robot_collision": 0,
  "eval_time_not_moving": 0.1099548995489954,
  "eval_avg_robot_linear_speed": 0.3752405333381212,
  "eval_avg_robot_angular_speed": 0.276450089223281,
  "eval_avg_acceleration": 0.5762487407827191,
  "eval_avg_pedestrian_velocity": 0.9133205079458664,
  "eval_avg_closest_pedestrian_velocity": 0.9133205079458664
}