{
  "controller": "stub",
  "scenario": "group",
  "run_id": 0,
  "success": 1,
  "end_reason": "goal_reached",
  "goal_x": 0.0,
  "goal_y": 4.0,
  "our_path_length": 4.981159437411072,
  "our_time_to_goal": 22.28,
  "jerk_mean": 6.935844877145979,
  "jerk_rms": 32.7555102217611,
  "jerk_max": 488.88474644856933,
  "jerk_p95": 23.424309966208217,
  "accel_mean": 0.2259037548323908,
  "jerk_sample_rate": 50.0,
  "jerk_n_samples": 1114,
  "eval_time_to_reach_goal": 22.39,
  "eval_path_length": 5.037063348226597,
  "eval_cumulative_heading_changes": 21.88317502735465,
  "eval_avg_distance_to_closest_person": 1.6227857757096795,
  "eval_minimum_distance_to_people": 1.5093047874332997,
  "eval_maximum_distance_to_people": 3.2380692627822047,
  "eval_intimate_space_intrusions": 0.0,
  "eval_personal_space_intrusions": 0.0,
  "eval_social_space_intrusions": 100.0,
  "eval_group_intimate_space_intrusions": 0.0,
  "eval_group_personal_space_intrusions": 0.0,
  "eval_group_social_space_intrusions": 87.30442556995976,
  "eval_completed": true,
  "eval_minimum_distance_to_target": 0.4982295264470526,
  "eval_final_distance_to_target": 0.4982295264470526,
  "eval_robot_on_person_collision": 0,
  "eval_person_on_robot_collision": 0,
  "eval_time_not_moving": 0.0,
  "eval_avg_robot_linear_speed": 0.2651335554439732,
  "eval_avg_robot_angular_speed": 0.449337377244602,
  "eval_avg_acceleration": 6.569615763273062,
  "eval_avg_pedestrian_velocity": 0.0966886408602608,
  "eval_avg_closest_pedestrian_velocity": 0.114870226577717
}