{
  "controller": "stub",
  "scenario": "crossing",
  "run_id": 0,
  "success": 1,
  "end_reason": "goal_reached",
  "goal_x": 0.0,
  "goal_y": 4.0,
  "our_path_length": 1.6682780155690233,
  "our_time_to_goal": 2.7799999999999994,
  "jerk_mean": 0.6456629175236693,
  "jerk_rms": 0.8872820871378578,
  "jerk_max": 4.645550699520002,
  "jerk_p95": 1.3846016688248122,
  "accel_mean": 0.23981975785662252,
  "jerk_sample_rate": 50.0,
  "jerk_n_samples": 138,
  "eval_time_to_reach_goal": 2.89,
  "eval_path_length": 1.7342781243535534,
  "eval_cumulative_heading_changes": 0.949187994003296,
  "eval_avg_distance_to_closest_person": 1.0536083412099049,
  "eval_minimum_distance_to_people": 0.8358601002432984,
  "eval_maximum_distance_to_people": 1.5057048346038036,
  "eval_intimate_space_intrusions": 0.0,
  "eval_personal_space_intrusions": 75.51724137931033,
  "eval_social_space_intrusions": 24.48275862068965,
  "eval_group_intimate_space_intrusions": 0.0,
  "eval_group_personal_space_intrusions": 0.0,
  "eval_group_social_space_intrusions": 0.0,
  "eval_completed": true,
  "eval_minimum_distance_to_target": 0.4781676854721503,
  "eval_final_distance_to_target": 0.4781676854721503,
  "eval_robot_on_person_collision": 0,
  "eval_person_on_robot_collision": 0,
  "eval_time_not_moving": 0.0,
  "eval_avg_robot_linear_speed": 0.6005290594594231,
  "eval_avg_robot_angular_speed": 0.3288142670845163,
  "eval_avg_acceleration": 0.0765450247402848,
  "eval_avg_pedestrian_velocity": 0.5530546299856285,
  "eval_avg_closest_pedestrian_velocity": 0.5530546299856285
}