{
  "controller": "stub",
  "scenario": "crossing",
  "run_id": 0,
  "success": 1,
  "end_reason": "goal_reached",
  "goal_x": 0.0,
  "goal_y": 4.0,
  "our_path_length": 1.6682953981888171,
  "our_time_to_goal": 2.7800000000000002,
  "jerk_mean": 0.6499516906253524,
  "jerk_rms": 0.9017380396525903,
  "jerk_max": 4.678521454972724,
  "jerk_p95": 1.5092154025739153,
  "accel_mean": 0.24028319826022865,
  "jerk_sample_rate": 50.0,
  "jerk_n_samples": 139,
  "eval_time_to_reach_goal": 2.89,
  "eval_path_length": 1.734295731987462,
  "eval_cumulative_heading_changes": 0.95209401845932,
  "eval_avg_distance_to_closest_person": 1.048964619912863,
  "eval_minimum_distance_to_people": 0.8298946107366036,
  "eval_maximum_distance_to_people": 1.5045545033799987,
  "eval_intimate_space_intrusions": 0.0,
  "eval_personal_space_intrusions": 75.86206896551724,
  "eval_social_space_intrusions": 24.13793103448276,
  "eval_group_intimate_space_intrusions": 0.0,
  "eval_group_personal_space_intrusions": 0.0,
  "eval_group_social_space_intrusions": 0.0,
  "eval_completed": true,
  "eval_minimum_distance_to_target": 0.4806773679990125,
  "eval_final_distance_to_target": 0.4806773679990125,
  "eval_robot_on_person_collision": 0,
  "eval_person_on_robot_collision": 0,
  "eval_time_not_moving": 0.0,
  "eval_avg_robot_linear_speed": 0.6005588837738695,
  "eval_avg_robot_angular_speed": 0.3298155900219391,
  "eval_avg_acceleration": 0.0788595347568906,
  "eval_avg_pedestrian_velocity": 0.555261314942919,
  "eval_avg_closest_pedestrian_velocity": 0.555261314942919
}