{
  "controller": "stub",
  "scenario": "head_on",
  "run_id": 0,
  "success": 1,
  "end_reason": "goal_reached",
  "goal_x": 0.0,
  "goal_y": 4.0,
  "our_path_length": 2.2190025830820463,
  "our_time_to_goal": 4.68,
  "jerk_mean": 10.044570468394452,
  "jerk_rms": 19.052946605772576,
  "jerk_max": 105.68236600430085,
  "jerk_p95": 39.47471585865545,
  "accel_mean": 0.46100351349648006,
  "jerk_sample_rate": 50.0,
  "jerk_n_samples": 234,
  "eval_time_to_reach_goal": 4.8,
  "eval_path_length": 2.2567886224499905,
  "eval_cumulative_heading_changes": 4.045011818408966,
  "eval_avg_distance_to_closest_person": 1.290543956793717,
  "eval_minimum_distance_to_people": 0.7941155436319174,
  "eval_maximum_distance_to_people": 2.6651817327399163,
  "eval_intimate_space_intrusions": 0.0,
  "eval_personal_space_intrusions": 59.66735966735966,
  "eval_social_space_intrusions": 40.33264033264034,
  "eval_group_intimate_space_intrusions": 0.0,
  "eval_group_personal_space_intrusions": 0.0,
  "eval_group_social_space_intrusions": 0.0,
  "eval_completed": true,
  "eval_minimum_distance_to_target": 0.4747236291584219,
  "eval_final_distance_to_target": 0.4747236291584219,
  "eval_robot_on_person_collision": 0,
  "eval_person_on_robot_collision": 0,
  "eval_time_not_moving": 0.0,
  "eval_avg_robot_linear_speed": 0.5049827709763065,
  "eval_avg_robot_angular_speed": 1.0756606631863883,
  "eval_avg_acceleration": 6.401593205586789,
  "eval_avg_pedestrian_velocity": 0.7382988602294743,
  "eval_avg_closest_pedestrian_velocity": 0.7382988602294743
}