{
  "controller": "stub",
  "scenario": "group",
  "run_id": 0,
  "success": 1,
  "end_reason": "goal_reached",
  "goal_x": 0.0,
  "goal_y": 4.0,
  "our_path_length": 4.565198036398783,
  "our_time_to_goal": 13.780000000000001,
  "jerk_mean": 0.6568267026903524,
  "jerk_rms": 0.8655087532651078,
  "jerk_max": 3.687830691290277,
  "jerk_p95": 1.7868308966626114,
  "accel_mean": 0.09222886031523927,
  "jerk_sample_rate": 50.0,
  "jerk_n_samples": 689,
  "eval_time_to_reach_goal": 13.9,
  "eval_path_length": 4.623858562033234,
  "eval_cumulative_heading_changes": 3.336366415023804,
  "eval_avg_distance_to_closest_person": 1.5558960899438372,
  "eval_minimum_distance_to_people": 1.4910870061907016,
  "eval_maximum_distance_to_people": 3.2205486670323475,
  "eval_intimate_space_intrusions": 0.0,
  "eval_personal_space_intrusions": 0.0,
  "eval_social_space_intrusions": 100.0,
  "eval_group_intimate_space_intrusions": 0.0,
  "eval_group_personal_space_intrusions": 0.0,
  "eval_group_social_space_intrusions": 80.31723143475126,
  "eval_completed": true,
  "eval_minimum_distance_to_target": 0.495713526315215,
  "eval_final_distance_to_target": 0.495713526315215,
  "eval_robot_on_person_collision": 0,
  "eval_person_on_robot_collision": 0,
  "eval_time_not_moving": 0.0,
  "eval_avg_robot_linear_speed": 0.3337905419844041,
  "eval_avg_robot_angular_speed": 0.2398321340974246,
  "eval_avg_acceleration": 0.2563593146807297,
  "eval_avg_pedestrian_velocity": 0.1000410153740259,
  "eval_avg_closest_pedestrian_velocity": 0.1280471402090835
}