{
  "controller": "stub",
  "scenario": "head_on",
  "run_id": 0,
  "success": 1,
  "end_reason": "goal_reached",
  "goal_x": 0.0,
  "goal_y": 4.0,
  "our_path_length": 1.8642597475814602,
  "our_time_to_goal": 3.1799999999999997,
  "jerk_mean": 1.3580333986409794,
  "jerk_rms": 1.797906842716986,
  "jerk_max": 5.4078352353665515,
  "jerk_p95": 3.9210290364419476,
  "accel_mean": 0.24727951341599105,
  "jerk_sample_rate": 50.0,
  "jerk_n_samples": 159,
  "eval_time_to_reach_goal": 3.29,
  "eval_path_length": 1.914576084916097,
  "eval_cumulative_heading_changes": 0.8186781406402588,
  "eval_avg_distance_to_closest_person": 1.2125960452190467,
  "eval_minimum_distance_to_people": 0.8773508200458295,
  "eval_maximum_distance_to_people": 2.0824833510734093,
  "eval_intimate_space_intrusions": 0.0,
  "eval_personal_space_intrusions": 63.33333333333333,
  "eval_social_space_intrusions": 36.66666666666666,
  "eval_group_intimate_space_intrusions": 0.0,
  "eval_group_personal_space_intrusions": 0.0,
  "eval_group_social_space_intrusions": 0.0,
  "eval_completed": true,
  "eval_minimum_distance_to_target": 0.47001048366394,
  "eval_final_distance_to_target": 0.47001048366394,
  "eval_robot_on_person_collision": 0,
  "eval_person_on_robot_collision": 0,
  "eval_time_not_moving": 0.0,
  "eval_avg_robot_linear_speed": 0.5824150431336779,
  "eval_avg_robot_angular_speed": 0.2494636467629761,
  "eval_avg_acceleration": 0.1199291240085255,
  "eval_avg_pedestrian_velocity": 0.8079577460433498,
  "eval_avg_closest_pedestrian_velocity": 0.8079577460433498
}