{
  "controller": "stub",
  "scenario": "group",
  "run_id": 0,
  "success": 1,
  "end_reason": "goal_reached",
  "goal_x": 0.0,
  "goal_y": 4.0,
  "our_path_length": 4.550444947691611,
  "our_time_to_goal": 13.68,
  "jerk_mean": 0.6508930772310234,
  "jerk_rms": 0.8502183683578481,
  "jerk_max": 3.134311848293949,
  "jerk_p95": 1.7832992381224235,
  "accel_mean": 0.09273181284221237,
  "jerk_sample_rate": 50.0,
  "jerk_n_samples": 684,
  "eval_time_to_reach_goal": 13.79,
  "eval_path_length": 4.608580809545443,
  "eval_cumulative_heading_changes": 3.3250622749328613,
  "eval_avg_distance_to_closest_person": 1.5545312375945397,
  "eval_minimum_distance_to_people": 1.489788929040344,
  "eval_maximum_distance_to_people": 3.220623124504861,
  "eval_intimate_space_intrusions": 0.0,
  "eval_personal_space_intrusions": 0.0,
  "eval_social_space_intrusions": 100.0,
  "eval_group_intimate_space_intrusions": 0.0,
  "eval_group_personal_space_intrusions": 0.0,
  "eval_group_social_space_intrusions": 80.2612481857765,
  "eval_completed": true,
  "eval_minimum_distance_to_target": 0.4996073297272068,
  "eval_final_distance_to_target": 0.4996073297272068,
  "eval_robot_on_person_collision": 0,
  "eval_person_on_robot_collision": 0,
  "eval_time_not_moving": 0.0,
  "eval_avg_robot_linear_speed": 0.3356408643629537,
  "eval_avg_robot_angular_speed": 0.2408934157514831,
  "eval_avg_acceleration": 0.2547404883374438,
  "eval_avg_pedestrian_velocity": 0.0998981127873185,
  "eval_avg_closest_pedestrian_velocity": 0.127842063595188
}