{
  "controller": "stub",
  "scenario": "crossing",
  "run_id": 0,
  "success": 1,
  "end_reason": "goal_reached",
  "goal_x": 0.0,
  "goal_y": 4.0,
  "our_path_length": 1.9192173408648543,
  "our_time_to_goal": 3.58,
  "jerk_mean": 1.2247478329827124,
  "jerk_rms": 2.2687793852088296,
  "jerk_max": 13.266149225709585,
  "jerk_p95": 4.9897774842279885,
  "accel_mean": 0.18986401907490602,
  "jerk_sample_rate": 50.0,
  "jerk_n_samples": 179,
  "eval_time_to_reach_goal": 3.69,
  "eval_path_length": 1.979572840034698,
  "eval_cumulative_heading_changes": 0.8634911179542542,
  "eval_avg_distance_to_closest_person": 1.0167177744915723,
  "eval_minimum_distance_to_people": 0.8103453806247312,
  "eval_maximum_distance_to_people": 1.5132747283843826,
  "eval_intimate_space_intrusions": 0.0,
  "eval_personal_space_intrusions": 78.37837837837837,
  "eval_social_space_intrusions": 21.62162162162162,
  "eval_group_intimate_space_intrusions": 0.0,
  "eval_group_personal_space_intrusions": 0.0,
  "eval_group_social_space_intrusions": 0.0,
  "eval_completed": true,
  "eval_minimum_distance_to_target": 0.4603825915830157,
  "eval_final_distance_to_target": 0.4603825915830157,
  "eval_robot_on_person_collision": 0,
  "eval_person_on_robot_collision": 0,
  "eval_time_not_moving": 0.0,
  "eval_avg_robot_linear_speed": 0.5761627434073268,
  "eval_avg_robot_angular_speed": 0.252602601480644,
  "eval_avg_acceleration": 4.276405186266513,
  "eval_avg_pedestrian_velocity": 0.5349747627973557,
  "eval_avg_closest_pedestrian_velocity": 0.5349747627973557
}