{
  "controller": "stub",
  "scenario": "head_on",
  "run_id": 0,
  "success": 1,
  "end_reason": "goal_reached",
  "goal_x": 0.0,
  "goal_y": 4.0,
  "our_path_length": 1.8622861039203462,
  "our_time_to_goal": 3.1800000000000006,
  "jerk_mean": 1.3739750245603863,
  "jerk_rms": 1.844841897837733,
  "jerk_max": 7.7280157440815405,
  "jerk_p95": 4.00862067301401,
  "accel_mean": 0.24674570721627312,
  "jerk_sample_rate": 50.0,
  "jerk_n_samples": 159,
  "eval_time_to_reach_goal": 3.29,
  "eval_path_length": 1.9124506235598688,
  "eval_cumulative_heading_changes": 0.8099626302719116,
  "eval_avg_distance_to_closest_person": 1.2086610022697253,
  "eval_minimum_distance_to_people": 0.8826172410330975,
  "eval_maximum_distance_to_people": 2.0603318608338324,
  "eval_intimate_space_intrusions": 0.0,
  "eval_personal_space_intrusions": 63.93939393939394,
  "eval_social_space_intrusions": 36.06060606060606,
  "eval_group_intimate_space_intrusions": 0.0,
  "eval_group_personal_space_intrusions": 0.0,
  "eval_group_social_space_intrusions": 0.0,
  "eval_completed": true,
  "eval_minimum_distance_to_target": 0.4680602264818913,
  "eval_final_distance_to_target": 0.4680602264818913,
  "eval_robot_on_person_collision": 0,
  "eval_person_on_robot_collision": 0,
  "eval_time_not_moving": 0.0,
  "eval_avg_robot_linear_speed": 0.5817485392093659,
  "eval_avg_robot_angular_speed": 0.2468312740209512,
  "eval_avg_acceleration": 0.1181226426904851,
  "eval_avg_pedestrian_velocity": 0.8049219918070417,
  "eval_avg_closest_pedestrian_velocity": 0.8049219918070417
}