{
  "controller": "teb",
  "scenario": "group",
  "run_id": 0,
  "success": 1,
  "end_reason": "goal_reached",
  "goal_x": 0.0,
  "goal_y": 4.0,
  "our_path_length": 9.486962930371172,
  "our_time_to_goal": 36.18,
  "jerk_mean": 52.47469799665001,
  "jerk_rms": 87.60293323779001,
  "jerk_max": 440.2734109863125,
  "jerk_p95": 207.78156381863033,
  "accel_mean": 1.5740918866758207,
  "jerk_sample_rate": 50.0,
  "jerk_n_samples": 1809,
  "eval_time_to_reach_goal": 36.25,
  "eval_path_length": 9.456982614383088,
  "eval_cumulative_heading_changes": 17.26336185245175,
  "eval_avg_distance_to_closest_person": 1.630155608473059,
  "eval_minimum_distance_to_people": 0.7917969278746615,
  "eval_maximum_distance_to_people": 3.707428480480898,
  "eval_intimate_space_intrusions": 0.0,
  "eval_personal_space_intrusions": 22.63522884882108,
  "eval_social_space_intrusions": 77.36477115117891,
  "eval_group_intimate_space_intrusions": 0.0,
  "eval_group_personal_space_intrusions": 0.0,
  "eval_group_social_space_intrusions": 100.0,
  "eval_completed": true,
  "eval_minimum_distance_to_target": 0.4728020176315048,
  "eval_final_distance_to_target": 0.4728020176315048,
  "eval_robot_on_person_collision": 0,
  "eval_person_on_robot_collision": 0,
  "eval_time_not_moving": 1.0357142857142858,
  "eval_avg_robot_linear_speed": 0.2637685250928793,
  "eval_avg_robot_angular_speed": 0.4771125091053382,
  "eval_avg_acceleration": 1.367466620094353,
  "eval_avg_pedestrian_velocity": 0.137018518196182,
  "eval_avg_closest_pedestrian_velocity": 0.1347368728348807
}