{
  "controller": "teb",
  "scenario": "head_on",
  "run_id": 0,
  "success": 1,
  "end_reason": "goal_reached",
  "goal_x": 0.0,
  "goal_y": 4.0,
  "our_path_length": 5.735194103718689,
  "our_time_to_goal": 15.379999999999999,
  "jerk_mean": 14.763172662203548,
  "jerk_rms": 35.79681424625939,
  "jerk_max": 330.0265757474895,
  "jerk_p95": 81.54126687246725,
  "accel_mean": 0.6072827589849541,
  "jerk_sample_rate": 50.0,
  "jerk_n_samples": 769,
  "eval_time_to_reach_goal": 15.48,
  "eval_path_length": 5.734074619031331,
  "eval_cumulative_heading_changes": 11.844694885113752,
  "eval_avg_distance_to_closest_person": 2.0518670302150914,
  "eval_minimum_distance_to_people": 0.6559757641682011,
  "eval_maximum_distance_to_people": 3.584529172479537,
  "eval_intimate_space_intrusions": 0.0,
  "eval_personal_space_intrusions": 41.88752424046542,
  "eval_social_space_intrusions": 58.11247575953459,
  "eval_group_intimate_space_intrusions": 0.0,
  "eval_group_personal_space_intrusions": 0.0,
  "eval_group_social_space_intrusions": 0.0,
  "eval_completed": true,
  "eval_minimum_distance_to_target": 0.4869577858111277,
  "eval_final_distance_to_target": 0.4869577858111277,
  "eval_robot_on_person_collision": 0,
  "eval_person_on_robot_collision": 0,
  "eval_time_not_moving": 0.1200775694893342,
  "eval_avg_robot_linear_speed": 0.3717927247991408,
  "eval_avg_robot_angular_speed": 0.7644862308782608,
  "eval_avg_acceleration": 0.588986398666243,
  "eval_avg_pedestrian_velocity": 0.2539013254753619,
  "eval_avg_closest_pedestrian_velocity": 0.2539013254753619
}