{
  "controller": "teb",
  "scenario": "crossing",
  "run_id": 0,
  "success": 1,
  "end_reason": "goal_reached",
  "goal_x": 0.0,
  "goal_y": 4.0,
  "our_path_length": 9.518058960829526,
  "our_time_to_goal": 17.479999999999997,
  "jerk_mean": 7.7112866771091895,
  "jerk_rms": 25.44477688927563,
  "jerk_max": 283.0415024141285,
  "jerk_p95": 33.497581900104066,
  "accel_mean": 0.3930137382757684,
  "jerk_sample_rate": 50.0,
  "jerk_n_samples": 873,
  "eval_time_to_reach_goal": 17.58,
  "eval_path_length": 9.517919235216183,
  "eval_cumulative_heading_changes": 7.877358561515335,
  "eval_avg_distance_to_closest_person": 2.1521172551695904,
  "eval_minimum_distance_to_people": 0.7991521746829133,
  "eval_maximum_distance_to_people": 4.901528176448647,
  "eval_intimate_space_intrusions": 0.0,
  "eval_personal_space_intrusions": 24.430523917995444,
  "eval_social_space_intrusions": 58.14350797266514,
  "eval_group_intimate_space_intrusions": 0.0,
  "eval_group_personal_space_intrusions": 0.0,
  "eval_group_social_space_intrusions": 0.0,
  "eval_completed": true,
  "eval_minimum_distance_to_target": 0.4773595187966982,
  "eval_final_distance_to_target": 0.4773595187966982,
  "eval_robot_on_person_collision": 0,
  "eval_person_on_robot_collision": 0,
  "eval_time_not_moving": 0.120136674259681,
  "eval_avg_robot_linear_speed": 0.5417913750783543,
  "eval_avg_robot_angular_speed": 0.4485990057945316,
  "eval_avg_acceleration": 0.3055318136718591,
  "eval_avg_pedestrian_velocity": 0.88329399425477,
  "eval_avg_closest_pedestrian_velocity": 0.88329399425477
}