controller,scenario,run_id,success,end_reason,goal_x,goal_y,our_path_length,our_time_to_goal,jerk_mean,jerk_rms,jerk_max,jerk_p95,accel_mean,jerk_sample_rate,jerk_n_samples,eval_time_to_reach_goal,eval_path_length,eval_cumulative_heading_changes,eval_avg_distance_to_closest_person,eval_minimum_distance_to_people,eval_maximum_distance_to_people,eval_intimate_space_intrusions,eval_personal_space_intrusions,eval_social_space_intrusions,eval_group_intimate_space_intrusions,eval_group_personal_space_intrusions,eval_group_social_space_intrusions,eval_completed,eval_minimum_distance_to_target,eval_final_distance_to_target,eval_robot_on_person_collision,eval_person_on_robot_collision,eval_time_not_moving,eval_avg_robot_linear_speed,eval_avg_robot_angular_speed,eval_avg_acceleration,eval_avg_pedestrian_velocity,eval_avg_closest_pedestrian_velocity
stub,head_on,0,1,goal_reached,0.0,4.0,2.2190025830820463,4.68,10.044570468394452,19.052946605772576,105.68236600430085,39.47471585865545,0.46100351349648006,50.0,234,4.8,2.2567886224499905,4.045011818408966,1.290543956793717,0.7941155436319174,2.6651817327399163,0.0,59.66735966735966,40.33264033264034,0.0,0.0,0.0,True,0.4747236291584219,0.4747236291584219,0,0,0.0,0.5049827709763065,1.0756606631863883,6.401593205586789,0.7382988602294743,0.7382988602294743
stub,crossing,0,1,goal_reached,0.0,4.0,1.9192173408648543,3.58,1.2247478329827124,2.2687793852088296,13.266149225709585,4.9897774842279885,0.18986401907490602,50.0,179,3.69,1.979572840034698,0.8634911179542542,1.0167177744915723,0.8103453806247312,1.5132747283843826,0.0,78.37837837837837,21.62162162162162,0.0,0.0,0.0,True,0.4603825915830157,0.4603825915830157,0,0,0.0,0.5761627434073268,0.252602601480644,4.276405186266513,0.5349747627973557,0.5349747627973557
stub,group,0,1,goal_reached,0.0,4.0,4.981159437411072,22.28,6.935844877145979,32.7555102217611,488.88474644856933,23.424309966208217,0.2259037548323908,50.0,1114,22.39,5.037063348226597,21.88317502735465,1.6227857757096795,1.5093047874332997,3.2380692627822047,0.0,0.0,100.0,0.0,0.0,87.30442556995976,True,0.4982295264470526,0.4982295264470526,0,0,0.0,0.2651335554439732,0.449337377244602,6.569615763273062,0.0966886408602608,0.114870226577717
