experiment_tag,run_id,time_to_reach_goal,path_length,cumulative_heading_changes,avg_distance_to_closest_person,minimum_distance_to_people,maximum_distance_to_people,intimate_space_intrusions,personal_space_intrusions,social_space_intrusions,group_intimate_space_intrusions,group_personal_space_intrusions,group_social_space_intrusions,completed,minimum_distance_to_target,final_distance_to_target,robot_on_person_collision,person_on_robot_collision,time_not_moving,avg_robot_linear_speed,avg_robot_angular_speed,avg_acceleration,avg_pedestrian_velocity,avg_closest_pedestrian_velocity
stub_head_on,0,4.8,2.2567886224499905,4.045011818408966,1.290543956793717,0.7941155436319174,2.6651817327399163,0.0,59.66735966735966,40.33264033264034,0.0,0.0,0.0,True,0.4747236291584219,0.4747236291584219,0,0,0.0,0.5049827709763065,1.0756606631863885,6.401593205586789,0.7382988602294743,0.7382988602294743
stub_crossing,0,3.69,1.9795728400346981,0.8634911179542542,1.0167177744915725,0.8103453806247312,1.5132747283843826,0.0,78.37837837837837,21.62162162162162,0.0,0.0,0.0,True,0.46038259158301575,0.46038259158301575,0,0,0.0,0.5761627434073268,0.252602601480644,4.276405186266513,0.5349747627973557,0.5349747627973557
stub_group,0,22.39,5.037063348226597,21.883175027354646,1.6227857757096795,1.5093047874332997,3.2380692627822047,0.0,0.0,100.0,0.0,0.0,87.30442556995976,True,0.49822952644705265,0.49822952644705265,0,0,0.0,0.26513355544397327,0.44933737724460204,6.569615763273062,0.09668864086026087,0.114870226577717
